{
  "config": "{\"version\":\"5.59\",\"themeCollection\":{\"baseTheme\":{\"name\":\"CY24SU10\",\"version\":\"5.65\",\"type\":2},\"customTheme\":{\"name\":\"AccessibleCityPark\",\"version\":\"5.65\",\"type\":2}},\"activeSectionIndex\":0,\"defaultDrillFilterOtherVisuals\":true,\"slowDataSourceSettings\":{\"isCrossHighlightingDisabled\":false,\"isSlicerSelectionsButtonEnabled\":false,\"isFilterSelectionsButtonEnabled\":false,\"isFieldWellButtonEnabled\":false,\"isApplyAllButtonEnabled\":false},\"linguisticSchemaSyncVersion\":2,\"settings\":{\"useNewFilterPaneExperience\":true,\"allowChangeFilterTypes\":true,\"useStylableVisualContainerHeader\":true,\"queryLimitOption\":6,\"exportDataMode\":1,\"useDefaultAggregateDisplayName\":true,\"useEnhancedTooltips\":true},\"objects\":{\"section\":[{\"properties\":{\"verticalAlignment\":{\"expr\":{\"Literal\":{\"Value\":\"'Top'\"}}}}}],\"outspacePane\":[{\"properties\":{\"expanded\":{\"expr\":{\"Literal\":{\"Value\":\"true\"}}}}}]}}",
  "layoutOptimization": 0,
  "resourcePackages": [
    {
      "resourcePackage": {
        "disabled": false,
        "items": [
          {
            "name": "AccessibleCityPark",
            "path": "BuiltInThemes/AccessibleCityPark.json",
            "type": 201
          },
          {
            "name": "CY24SU10",
            "path": "BaseThemes/CY24SU10.json",
            "type": 202
          }
        ],
        "name": "SharedResources",
        "type": 2
      }
    }
  ],
  "sections": [
    {
      "config": "{}",
      "displayName": "Page 1",
      "displayOption": 1,
      "filters": "[]",
      "height": 720.00,
      "name": "8b620b8a02ab50198ad1",
      "visualContainers": [
        {
          "config": "{\"name\":\"0a1526b8ffe51077314c\",\"layouts\":[{\"id\":0,\"position\":{\"x\":466.98162729658793,\"y\":89.02887139107611,\"z\":5000,\"width\":441.78477690288713,\"height\":394.750656167979,\"tabOrder\":5000}}],\"singleVisual\":{\"visualType\":\"columnChart\",\"projections\":{\"Category\":[{\"queryRef\":\"Data Professional Survey.Q5 - Favorite Programming Language.1\",\"active\":true}],\"Y\":[{\"queryRef\":\"CountNonNull(Data Professional Survey.Unique ID)\"}],\"Series\":[{\"queryRef\":\"Data Professional Survey.Q1 - Which Title Best Fits your Current Role?.1\"}]},\"prototypeQuery\":{\"Version\":2,\"From\":[{\"Name\":\"d\",\"Entity\":\"Data Professional Survey\",\"Type\":0}],\"Select\":[{\"Column\":{\"Expression\":{\"SourceRef\":{\"Source\":\"d\"}},\"Property\":\"Q5 - Favorite Programming Language.1\"},\"Name\":\"Data Professional Survey.Q5 - Favorite Programming Language.1\",\"NativeReferenceName\":\"Favorite Programming Language\"},{\"Aggregation\":{\"Expression\":{\"Column\":{\"Expression\":{\"SourceRef\":{\"Source\":\"d\"}},\"Property\":\"Unique ID\"}},\"Function\":5},\"Name\":\"CountNonNull(Data Professional Survey.Unique ID)\",\"NativeReferenceName\":\"Count of users\"},{\"Column\":{\"Expression\":{\"SourceRef\":{\"Source\":\"d\"}},\"Property\":\"Q1 - Which Title Best Fits your Current Role?.1\"},\"Name\":\"Data Professional Survey.Q1 - Which Title Best Fits your Current Role?.1\",\"NativeReferenceName\":\"Role\"}],\"OrderBy\":[{\"Direction\":2,\"Expression\":{\"Aggregation\":{\"Expression\":{\"Column\":{\"Expression\":{\"SourceRef\":{\"Source\":\"d\"}},\"Property\":\"Unique ID\"}},\"Function\":5}}}]},\"columnProperties\":{\"Data Professional Survey.Q5 - Favorite Programming Language.1\":{\"displayName\":\"Favorite Programming Language\"},\"CountNonNull(Data Professional Survey.Unique ID)\":{\"displayName\":\"Count of users\"},\"Data Professional Survey.Q1 - Which Title Best Fits your Current Role?.1\":{\"displayName\":\"Role\"}},\"drillFilterOtherVisuals\":true,\"hasDefaultSort\":true,\"vcObjects\":{\"title\":[{\"properties\":{\"text\":{\"expr\":{\"Literal\":{\"Value\":\"'Favorite Programming Language '\"}}}}}]}}}",
          "filters": "[]",
          "height": 394.75,
          "width": 441.78,
          "x": 466.98,
          "y": 89.03,
          "z": 5000.00
        },
        {
          "config": "{\"name\":\"0e6f067fe740d01b6539\",\"layouts\":[{\"id\":0,\"position\":{\"x\":908.766404199475,\"y\":89.02887139107611,\"z\":2000,\"width\":179.73753280839895,\"height\":149.501312335958,\"tabOrder\":2000}}],\"singleVisual\":{\"visualType\":\"card\",\"projections\":{\"Values\":[{\"queryRef\":\"Sum(Data Professional Survey.Q10 - Current Age)\"}]},\"prototypeQuery\":{\"Version\":2,\"From\":[{\"Name\":\"d\",\"Entity\":\"Data Professional Survey\",\"Type\":0}],\"Select\":[{\"Aggregation\":{\"Expression\":{\"Column\":{\"Expression\":{\"SourceRef\":{\"Source\":\"d\"}},\"Property\":\"Q10 - Current Age\"}},\"Function\":1},\"Name\":\"Sum(Data Professional Survey.Q10 - Current Age)\",\"NativeReferenceName\":\"Average Age of Takers\"}],\"OrderBy\":[{\"Direction\":2,\"Expression\":{\"Aggregation\":{\"Expression\":{\"Column\":{\"Expression\":{\"SourceRef\":{\"Source\":\"d\"}},\"Property\":\"Q10 - Current Age\"}},\"Function\":1}}}]},\"autoSelectVisualType\":false,\"columnProperties\":{\"Sum(Data Professional Survey.Q10 - Current Age)\":{\"displayName\":\"Average Age of Takers\"}},\"drillFilterOtherVisuals\":true,\"hasDefaultSort\":true}}",
          "filters": "[]",
          "height": 149.50,
          "width": 179.74,
          "x": 908.77,
          "y": 89.03,
          "z": 2000.00
        },
        {
          "config": "{\"name\":\"10a45c148e20dc61e071\",\"layouts\":[{\"id\":0,\"position\":{\"x\":920.5249343832021,\"y\":500.5774278215223,\"z\":4000,\"width\":359.4750656167979,\"height\":220.0524934383202,\"tabOrder\":4000}}],\"singleVisual\":{\"visualType\":\"gauge\",\"projections\":{\"Y\":[{\"queryRef\":\"Avg(Data Professional Survey.Q6 - How Happy are you in your Current Position with the following? (Salary))\"}],\"MinValue\":[{\"queryRef\":\"Min(Data Professional Survey.Q6 - How Happy are you in your Current Position with the following? (Salary))\"}],\"MaxValue\":[{\"queryRef\":\"Sum(Data Professional Survey.Q6 - How Happy are you in your Current Position with the following? (Salary))\"}]},\"prototypeQuery\":{\"Version\":2,\"From\":[{\"Name\":\"d\",\"Entity\":\"Data Professional Survey\",\"Type\":0}],\"Select\":[{\"Aggregation\":{\"Expression\":{\"Column\":{\"Expression\":{\"SourceRef\":{\"Source\":\"d\"}},\"Property\":\"Q6 - How Happy are you in your Current Position with the following? (Salary)\"}},\"Function\":4},\"Name\":\"Sum(Data Professional Survey.Q6 - How Happy are you in your Current Position with the following? (Salary))\",\"NativeReferenceName\":\"Max of Q6 - How Happy are you in your Current Position with the following? (Salary)\"},{\"Aggregation\":{\"Expression\":{\"Column\":{\"Expression\":{\"SourceRef\":{\"Source\":\"d\"}},\"Property\":\"Q6 - How Happy are you in your Current Position with the following? (Salary)\"}},\"Function\":1},\"Name\":\"Avg(Data Professional Survey.Q6 - How Happy are you in your Current Position with the following? (Salary))\",\"NativeReferenceName\":\"Average of Q6 - How Happy are you in your Current Position with the following? (Salary)\"},{\"Aggregation\":{\"Expression\":{\"Column\":{\"Expression\":{\"SourceRef\":{\"Source\":\"d\"}},\"Property\":\"Q6 - How Happy are you in your Current Position with the following? (Salary)\"}},\"Function\":3},\"Name\":\"Min(Data Professional Survey.Q6 - How Happy are you in your Current Position with the following? (Salary))\",\"NativeReferenceName\":\"Min of Q6 - How Happy are you in your Current Position with the following? (Salary)\"}],\"OrderBy\":[{\"Direction\":2,\"Expression\":{\"Aggregation\":{\"Expression\":{\"Column\":{\"Expression\":{\"SourceRef\":{\"Source\":\"d\"}},\"Property\":\"Q6 - How Happy are you in your Current Position with the following? (Salary)\"}},\"Function\":1}}}]},\"drillFilterOtherVisuals\":true,\"hasDefaultSort\":true,\"vcObjects\":{\"title\":[{\"properties\":{\"text\":{\"expr\":{\"Literal\":{\"Value\":\"'Happiness with salary'\"}}}}}]}}}",
          "filters": "[]",
          "height": 220.05,
          "width": 359.48,
          "x": 920.52,
          "y": 500.58,
          "z": 4000.00
        },
        {
          "config": "{\"name\":\"1d30c6c72cd736e786d9\",\"layouts\":[{\"id\":0,\"position\":{\"x\":0,\"y\":89.02887139107611,\"z\":3000,\"width\":466.98162729658793,\"height\":320.83989501312334,\"tabOrder\":3000}}],\"singleVisual\":{\"visualType\":\"barChart\",\"projections\":{\"Category\":[{\"queryRef\":\"Data Professional Survey.Q1 - Which Title Best Fits your Current Role?.1\",\"active\":true}],\"Y\":[{\"queryRef\":\"Avg(Data Professional Survey.Average Salary)\"}],\"Series\":[{\"queryRef\":\"Data Professional Survey.Q1 - Which Title Best Fits your Current Role?.1\"}]},\"prototypeQuery\":{\"Version\":2,\"From\":[{\"Name\":\"d\",\"Entity\":\"Data Professional Survey\",\"Type\":0}],\"Select\":[{\"Column\":{\"Expression\":{\"SourceRef\":{\"Source\":\"d\"}},\"Property\":\"Q1 - Which Title Best Fits your Current Role?.1\"},\"Name\":\"Data Professional Survey.Q1 - Which Title Best Fits your Current Role?.1\",\"NativeReferenceName\":\"Job Title\"},{\"Aggregation\":{\"Expression\":{\"Column\":{\"Expression\":{\"SourceRef\":{\"Source\":\"d\"}},\"Property\":\"Average Salary\"}},\"Function\":1},\"Name\":\"Avg(Data Professional Survey.Average Salary)\",\"NativeReferenceName\":\"Average Salary\"}],\"OrderBy\":[{\"Direction\":2,\"Expression\":{\"Aggregation\":{\"Expression\":{\"Column\":{\"Expression\":{\"SourceRef\":{\"Source\":\"d\"}},\"Property\":\"Average Salary\"}},\"Function\":1}}}]},\"columnProperties\":{\"Data Professional Survey.Q1 - Which Title Best Fits your Current Role?.1\":{\"displayName\":\"Job Title\"},\"Sum(Data Professional Survey.Average Salary)\":{\"displayName\":\"Average Salary\"},\"Avg(Data Professional Survey.Average Salary)\":{\"displayName\":\"Average Salary\"}},\"drillFilterOtherVisuals\":true,\"hasDefaultSort\":true,\"vcObjects\":{\"title\":[{\"properties\":{\"text\":{\"expr\":{\"Literal\":{\"Value\":\"'Average Salary by Job Title'\"}}}}}]}}}",
          "filters": "[]",
          "height": 320.84,
          "width": 466.98,
          "x": 0.00,
          "y": 89.03,
          "z": 3000.00
        },
        {
          "config": "{\"name\":\"318b0d73e6b3f69821d0\",\"layouts\":[{\"id\":0,\"position\":{\"x\":466.98162729658793,\"y\":500.5774278215223,\"z\":9000,\"width\":409.86876640419945,\"height\":220.0524934383202,\"tabOrder\":9000}}],\"singleVisual\":{\"visualType\":\"donutChart\",\"projections\":{\"Category\":[{\"queryRef\":\"Data Professional Survey.Q9 - Male/Female?\",\"active\":true}],\"Y\":[{\"queryRef\":\"Sum(Data Professional Survey.Average Salary)\"}]},\"prototypeQuery\":{\"Version\":2,\"From\":[{\"Name\":\"d\",\"Entity\":\"Data Professional Survey\",\"Type\":0}],\"Select\":[{\"Column\":{\"Expression\":{\"SourceRef\":{\"Source\":\"d\"}},\"Property\":\"Q9 - Male/Female?\"},\"Name\":\"Data Professional Survey.Q9 - Male/Female?\",\"NativeReferenceName\":\"Male/Female?\"},{\"Aggregation\":{\"Expression\":{\"Column\":{\"Expression\":{\"SourceRef\":{\"Source\":\"d\"}},\"Property\":\"Average Salary\"}},\"Function\":1},\"Name\":\"Sum(Data Professional Survey.Average Salary)\",\"NativeReferenceName\":\"Average Salary\"}],\"OrderBy\":[{\"Direction\":2,\"Expression\":{\"Aggregation\":{\"Expression\":{\"Column\":{\"Expression\":{\"SourceRef\":{\"Source\":\"d\"}},\"Property\":\"Average Salary\"}},\"Function\":1}}}]},\"columnProperties\":{\"Data Professional Survey.Q9 - Male/Female?\":{\"displayName\":\"Male/Female?\"},\"Sum(Data Professional Survey.Average Salary)\":{\"displayName\":\"Average Salary\"}},\"drillFilterOtherVisuals\":true,\"hasDefaultSort\":true,\"objects\":{\"labels\":[{\"properties\":{\"position\":{\"expr\":{\"Literal\":{\"Value\":\"'outside'\"}}}}}]}}}",
          "filters": "[]",
          "height": 220.05,
          "width": 409.87,
          "x": 466.98,
          "y": 500.58,
          "z": 9000.00
        },
        {
          "config": "{\"name\":\"42a1143cd117679deea5\",\"layouts\":[{\"id\":0,\"position\":{\"x\":466.98162729658793,\"y\":500.498687664042,\"width\":340.997375328084,\"height\":219.501312335958,\"z\":8000,\"tabOrder\":8000}}],\"singleVisual\":{\"visualType\":\"qnaVisual\",\"drillFilterOtherVisuals\":true}}",
          "height": 219.50,
          "width": 341.00,
          "x": 466.98,
          "y": 500.50,
          "z": 8000.00
        },
        {
          "config": "{\"name\":\"5ab012a9803d9664a26a\",\"layouts\":[{\"id\":0,\"position\":{\"x\":1088.503937007874,\"y\":89.02887139107611,\"z\":1000,\"width\":191.49606299212599,\"height\":149.501312335958,\"tabOrder\":1000}}],\"singleVisual\":{\"visualType\":\"card\",\"projections\":{\"Values\":[{\"queryRef\":\"Min(Data Professional Survey.Unique ID)\"}]},\"prototypeQuery\":{\"Version\":2,\"From\":[{\"Name\":\"d\",\"Entity\":\"Data Professional Survey\",\"Type\":0}],\"Select\":[{\"Aggregation\":{\"Expression\":{\"Column\":{\"Expression\":{\"SourceRef\":{\"Source\":\"d\"}},\"Property\":\"Unique ID\"}},\"Function\":2},\"Name\":\"Min(Data Professional Survey.Unique ID)\",\"NativeReferenceName\":\"Count of Survey Takers\"}],\"OrderBy\":[{\"Direction\":2,\"Expression\":{\"Aggregation\":{\"Expression\":{\"Column\":{\"Expression\":{\"SourceRef\":{\"Source\":\"d\"}},\"Property\":\"Unique ID\"}},\"Function\":2}}}]},\"autoSelectVisualType\":false,\"columnProperties\":{\"Min(Data Professional Survey.Unique ID)\":{\"displayName\":\"Count of Survey Takers\"}},\"drillFilterOtherVisuals\":true,\"hasDefaultSort\":true}}",
          "filters": "[]",
          "height": 149.50,
          "width": 191.50,
          "x": 1088.50,
          "y": 89.03,
          "z": 1000.00
        },
        {
          "config": "{\"name\":\"802028722da3110f9671\",\"layouts\":[{\"id\":0,\"position\":{\"x\":21.837270341207347,\"y\":409.86876640419945,\"z\":6000,\"width\":445.14435695538054,\"height\":310.76115485564304,\"tabOrder\":6000}}],\"singleVisual\":{\"visualType\":\"treemap\",\"projections\":{\"Group\":[{\"queryRef\":\"Data Professional Survey.Q11 - Which Country do you live in?.1\",\"active\":true}],\"Values\":[{\"queryRef\":\"CountNonNull(Data Professional Survey.Q11 - Which Country do you live in?.1)\"}]},\"prototypeQuery\":{\"Version\":2,\"From\":[{\"Name\":\"d\",\"Entity\":\"Data Professional Survey\",\"Type\":0}],\"Select\":[{\"Column\":{\"Expression\":{\"SourceRef\":{\"Source\":\"d\"}},\"Property\":\"Q11 - Which Country do you live in?.1\"},\"Name\":\"Data Professional Survey.Q11 - Which Country do you live in?.1\",\"NativeReferenceName\":\"Countries\"},{\"Aggregation\":{\"Expression\":{\"Column\":{\"Expression\":{\"SourceRef\":{\"Source\":\"d\"}},\"Property\":\"Q11 - Which Country do you live in?.1\"}},\"Function\":2},\"Name\":\"CountNonNull(Data Professional Survey.Q11 - Which Country do you live in?.1)\",\"NativeReferenceName\":\"Count of Q11 - Which Country do you live in?.1\"}]},\"columnProperties\":{\"Data Professional Survey.Q11 - Which Country do you live in?.1\":{\"displayName\":\"Countries\"}},\"drillFilterOtherVisuals\":true,\"hasDefaultSort\":true,\"vcObjects\":{\"title\":[{\"properties\":{\"text\":{\"expr\":{\"Literal\":{\"Value\":\"'Country of survey Takers'\"}}}}}]}}}",
          "filters": "[]",
          "height": 310.76,
          "width": 445.14,
          "x": 21.84,
          "y": 409.87,
          "z": 6000.00
        },
        {
          "config": "{\"name\":\"962efc4b926e9e4d9c81\",\"layouts\":[{\"id\":0,\"position\":{\"x\":920.5249343832021,\"y\":257.00787401574803,\"z\":7000,\"width\":334.2782152230971,\"height\":243.56955380577426,\"tabOrder\":7000}}],\"singleVisual\":{\"visualType\":\"gauge\",\"projections\":{\"Y\":[{\"queryRef\":\"Sum(Data Professional Survey.Q6 - How Happy are you in your Current Position with the following? (Work/Life Balance))\"}],\"MinValue\":[{\"queryRef\":\"Sum(Data Professional Survey.Q6 - How Happy are you in your Current Position with the following? (Work/Life Balance))1\"}],\"MaxValue\":[{\"queryRef\":\"Sum(Data Professional Survey.Q6 - How Happy are you in your Current Position with the following? (Work/Life Balance))2\"}]},\"prototypeQuery\":{\"Version\":2,\"From\":[{\"Name\":\"d\",\"Entity\":\"Data Professional Survey\",\"Type\":0}],\"Select\":[{\"Aggregation\":{\"Expression\":{\"Column\":{\"Expression\":{\"SourceRef\":{\"Source\":\"d\"}},\"Property\":\"Q6 - How Happy are you in your Current Position with the following? (Work/Life Balance)\"}},\"Function\":1},\"Name\":\"Sum(Data Professional Survey.Q6 - How Happy are you in your Current Position with the following? (Work/Life Balance))\",\"NativeReferenceName\":\"Average of Q6 - How Happy are you in your Current Position with the following? (Work/Life Balance)\"},{\"Aggregation\":{\"Expression\":{\"Column\":{\"Expression\":{\"SourceRef\":{\"Source\":\"d\"}},\"Property\":\"Q6 - How Happy are you in your Current Position with the following? (Work/Life Balance)\"}},\"Function\":3},\"Name\":\"Sum(Data Professional Survey.Q6 - How Happy are you in your Current Position with the following? (Work/Life Balance))1\",\"NativeReferenceName\":\"Min of Q6 - How Happy are you in your Current Position with the following? (Work/Life Balance)\"},{\"Aggregation\":{\"Expression\":{\"Column\":{\"Expression\":{\"SourceRef\":{\"Source\":\"d\"}},\"Property\":\"Q6 - How Happy are you in your Current Position with the following? (Work/Life Balance)\"}},\"Function\":4},\"Name\":\"Sum(Data Professional Survey.Q6 - How Happy are you in your Current Position with the following? (Work/Life Balance))2\",\"NativeReferenceName\":\"Max of Q6 - How Happy are you in your Current Position with the following? (Work/Life Balance)\"}],\"OrderBy\":[{\"Direction\":2,\"Expression\":{\"Aggregation\":{\"Expression\":{\"Column\":{\"Expression\":{\"SourceRef\":{\"Source\":\"d\"}},\"Property\":\"Q6 - How Happy are you in your Current Position with the following? (Work/Life Balance)\"}},\"Function\":1}}}]},\"drillFilterOtherVisuals\":true,\"hasDefaultSort\":true,\"vcObjects\":{\"title\":[{\"properties\":{\"text\":{\"expr\":{\"Literal\":{\"Value\":\"'Happinesswith worklife balance'\"}}}}}]}}}",
          "filters": "[]",
          "height": 243.57,
          "width": 334.28,
          "x": 920.52,
          "y": 257.01,
          "z": 7000.00
        },
        {
          "config": "{\"name\":\"c3ce1cbc4f0e70555268\",\"layouts\":[{\"id\":0,\"position\":{\"x\":10.078740157480315,\"y\":0,\"z\":0,\"width\":1269.9212598425197,\"height\":89.02887139107611,\"tabOrder\":0}}],\"singleVisual\":{\"visualType\":\"textbox\",\"drillFilterOtherVisuals\":true,\"objects\":{\"general\":[{\"properties\":{\"paragraphs\":[{\"textRuns\":[{\"value\":\"Data Professional survey breakdown\",\"textStyle\":{\"fontWeight\":\"bold\",\"fontSize\":\"36pt\",\"textDecoration\":\"underline\"}}],\"horizontalTextAlignment\":\"center\"}]}}]},\"vcObjects\":{\"background\":[{\"properties\":{\"color\":{\"solid\":{\"color\":{\"expr\":{\"ThemeDataColor\":{\"ColorId\":3,\"Percent\":0.2}}}}}}}]}}}",
          "filters": "[]",
          "height": 89.03,
          "width": 1269.92,
          "x": 10.08,
          "y": 0.00,
          "z": 0.00
        }
      ],
      "width": 1280.00
    }
  ],
  "theme": "AccessibleCityPark"
}